decile,count,avg_pred,avg_log_total_spend
1,149,5.435483332,5.452205131
2,148,5.634391021,5.807773882
3,153,5.735165814,5.766470523
4,148,5.817899753,5.77665654
5,152,5.907851758,5.949197163
6,150,6.014706289,6.042055246
7,150,6.106686624,6.060848594
8,150,6.215049647,6.173304365
9,150,6.36980481,6.357693296
10,150,6.68916471,6.706645159
